ID|Last Name|First Name |Gender|Date of Birth|address
1209|Mayer|Robt|F|2006-03-12|Suite 211 16053 Forrest Mountains| New Pastymouth| TN 95130
1634|Olson|Jaquelyn|F|1998-11-13|Apt. 034 5070 Wintheiser Harbors| Brockville| ID 66497
1900|Schneider|Jeffrey|F|1971-12-28|Suite 524 1896 Mel Spring| Nishamouth| MD 48761-3027
1523|Hane|Numbers|F|1984-02-28|Apt. 709 67169 Twila Ford| Port Freeman| SC 38848
1526|Brekke|Burt|M|1968-05-26|492 Dickens Mountains| South Douglassfort| DE 99719
1322|Turner|Raylene|M|1960-01-18|43206 Timothy Field| Carolannstad| MA 20252
1936|Purdy|Lewis|F|1999-03-07|Suite 327 73279 Janyce Drives| Strosinfort| ND 26729-8072
1909|Beatty|Rubin|F|1967-11-26|Suite 985 7529 Lamont Common| Port Wardfort| ID 19280
1322|Senger|Dong|F|2007-09-17|Apt. 565 674 Considine Ports| Whitneyport| VT 04952
1134|Pagac|Verena|F|1977-11-11|476 McClure View| Odellchester| WV 31065-4467
1688|Dach|Marlon|F|1986-09-02|Suite 567 317 Nickolas Rapids| Goldnermouth| LA 43740-2918
1030|Kautzer|Olen|M|1975-10-15|Suite 701 2503 Harriett Green| South Gerry| ND 53380-2025
1521|Weimann|Hedwig|M|2007-12-26|Suite 501 5318 Yukiko Hill| Tawnyside| OR 13638
1726|Dickens|Galen|M|1988-06-18|Suite 948 44077 Kassie Forges| West Arnitafort| UT 58910
1442|Auer|Dorcas|M|1959-02-21|Suite 178 858 Gulgowski Mount| Altenwerthberg| OR 01816
1467|Hartmann|Malorie|M|1995-10-14|Apt. 905 5939 Runolfsson Drive| New Keithashire| MT 94528
1549|Keeling|Ezequiel|M|2006-02-08|943 Emmett Wells| Spencerland| NE 03323-7842
1059|Bartoletti|Kurtis|M|2008-10-23|Apt. 911 282 Macejkovic Freeway| Russelview| WI 63095
1345|Trantow|Lino|F|1973-06-18|Suite 752 304 Ping Station| Rogahnfort| KS 69772
1345|Swift|Eddie|F|1983-07-21|0810 Conroy Green| New Antionettefort| MT 36527-4832
1878|Balistreri|Cameron|M|1963-08-29|Apt. 251 6617 Jerde Place| South Zitamouth| OH 37624-1814
1228|Rutherford|Jeremy|F|2004-06-17|Suite 229 621 Cummings Rapid| New Arlenport| WY 61563
1483|Hudson|Solomon|F|2009-05-08|3301 Garret Forges| East Hobertmouth| CT 92569-4053
1094|Gleason|Wendy|M|2007-11-29|Suite 624 453 Gale Spring| Satterfieldfort| SC 67628
1840|Douglas|Douglass|M|1959-05-08|Apt. 246 184 Shona Isle| New Serita| WY 49785
